lat,lon,alt,time_s,speed,heading
31.1959380,121.3950547,1.02,0.51,9.58,0.0
31.1959814,121.3950600,2.03,1.01,9.58,0.0
31.1960247,121.3950653,3.05,1.52,9.58,0.0
31.1960681,121.3950706,4.07,2.02,9.58,0.0
31.1961115,121.3950759,5.08,2.53,9.58,0.0
31.1961548,121.3950812,6.10,3.04,9.58,0.0
31.1961982,121.3950865,7.12,3.54,9.58,0.0
31.1962416,121.3950919,8.13,4.05,9.58,0.0
31.1962850,121.3950972,9.15,4.55,9.58,0.0
31.1963283,121.3951025,10.17,5.06,9.58,0.0
31.1963717,121.3951078,11.18,5.57,9.58,0.0
31.1964151,121.3951131,12.20,6.07,9.58,0.0
31.1964584,121.3951184,13.22,6.58,9.58,0.0
31.1965018,121.3951237,14.23,7.08,9.58,0.0
31.1965452,121.3951290,15.25,7.59,9.58,0.0
31.1965885,121.3951343,16.27,8.10,9.58,0.0
31.1966319,121.3951397,17.28,8.60,9.58,0.0
31.1966753,121.3951450,18.30,9.11,9.58,0.0
31.1967186,121.3951503,19.32,9.61,9.58,0.0
31.1967620,121.3951556,20.33,10.12,9.58,0.0
31.1968054,121.3951609,21.35,10.63,9.58,0.0
31.1968488,121.3951662,22.37,11.13,9.58,0.0
31.1968921,121.3951715,23.38,11.64,9.58,0.0
31.1969355,121.3951768,24.40,12.15,9.58,0.0
31.1969789,121.3951821,25.42,12.65,9.58,0.0
31.1970222,121.3951874,26.43,13.16,9.58,0.0
31.1970656,121.3951928,27.45,13.66,9.58,0.0
31.1971090,121.3951981,28.47,14.17,9.58,0.0
31.1971523,121.3952034,29.48,14.68,9.58,0.0
31.1971957,121.3952087,30.50,15.18,9.58,0.0
31.1972391,121.3952140,31.52,15.69,9.58,0.0
31.1972825,121.3952193,32.54,16.19,9.58,0.0
31.1973258,121.3952246,33.55,16.70,9.58,0.0
31.1973692,121.3952299,34.57,17.21,9.58,0.0
31.1974126,121.3952352,35.59,17.71,9.58,0.0
31.1974559,121.3952406,36.60,18.22,9.58,0.0
31.1974993,121.3952459,37.62,18.72,9.58,0.0
31.1975427,121.3952512,38.64,19.23,9.58,0.0
31.1975860,121.3952565,39.65,19.74,9.58,0.0
31.1976294,121.3952618,40.67,20.24,9.58,0.0
31.1976728,121.3952671,41.69,20.75,9.58,0.0
31.1977162,121.3952724,42.70,21.25,9.58,0.0
31.1977595,121.3952777,43.72,21.76,9.58,0.0
31.1978029,121.3952830,44.74,22.27,9.58,0.0
31.1978463,121.3952884,45.75,22.77,9.58,0.0
31.1978896,121.3952937,46.77,23.28,9.58,0.0
31.1979330,121.3952990,47.79,23.78,9.58,0.0
31.1979764,121.3953043,48.80,24.29,9.58,0.0
31.1980197,121.3953096,49.82,24.80,9.58,0.0
31.1980631,121.3953149,50.84,25.30,9.58,0.0
31.1981065,121.3953202,51.85,25.81,9.58,0.0
31.1981498,121.3953255,52.87,26.31,9.58,0.0
31.1981932,121.3953308,53.89,26.82,9.58,0.0
31.1982366,121.3953361,54.90,27.33,9.58,0.0
31.1982800,121.3953415,55.92,27.83,9.58,0.0
31.1983233,121.3953468,56.94,28.34,9.58,0.0
31.1983667,121.3953521,57.95,28.84,9.58,0.0
31.1984101,121.3953574,58.97,29.35,9.58,0.0
31.1984534,121.3953627,59.99,29.86,9.58,0.0
31.1984968,121.3953680,61.00,30.36,9.58,0.0
31.1985402,121.3953733,62.02,30.87,9.58,0.0
31.1985835,121.3953786,63.04,31.37,9.58,0.0
31.1986269,121.3953839,64.05,31.88,9.58,0.0
31.1986703,121.3953893,65.07,32.39,9.58,0.0
31.1986464,121.3954313,65.07,32.89,9.58,0.0
31.1986225,121.3954734,65.07,33.39,9.58,0.0
31.1985985,121.3955155,65.07,33.89,9.58,0.0
31.1985746,121.3955576,65.07,34.39,9.58,0.0
31.1985507,121.3955996,65.07,34.89,9.58,0.0
31.1985268,121.3956417,65.07,35.40,9.58,0.0
31.1985029,121.3956838,65.07,35.90,9.58,0.0
31.1984790,121.3957259,65.07,36.40,9.58,0.0
31.1984551,121.3957680,65.07,36.90,9.58,0.0
31.1984311,121.3958100,65.07,37.40,9.58,0.0
31.1984072,121.3958521,65.07,37.90,9.58,0.0
31.1983833,121.3958942,65.07,38.40,9.58,0.0
31.1983594,121.3959363,65.07,38.91,9.58,0.0
31.1983355,121.3959783,65.07,39.41,9.58,0.0
31.1983116,121.3960204,65.07,39.91,9.58,0.0
31.1982877,121.3960625,65.07,40.41,9.58,0.0
31.1982637,121.3961046,65.07,40.91,9.58,0.0
31.1982398,121.3961466,65.07,41.41,9.58,0.0
31.1982159,121.3961887,65.07,41.92,9.58,0.0
31.1981920,121.3962308,65.07,42.42,9.58,0.0
31.1981681,121.3962729,65.07,42.92,9.58,0.0
31.1981442,121.3963150,65.07,43.42,9.58,0.0
31.1981203,121.3963570,65.07,43.92,9.58,0.0
31.1980963,121.3963991,65.07,44.42,9.58,0.0
31.1980724,121.3964412,65.07,44.92,9.58,0.0
31.1980485,121.3964833,65.07,45.43,9.58,0.0
31.1980246,121.3965253,65.07,45.93,9.58,0.0
31.1980007,121.3965674,65.07,46.43,9.58,0.0
31.1979768,121.3966095,65.07,46.93,9.58,0.0
31.1979529,121.3966516,65.07,47.43,9.58,0.0
31.1979289,121.3966937,65.07,47.93,9.58,0.0
31.1979050,121.3967357,65.07,48.43,9.58,0.0
31.1978811,121.3967778,65.07,48.94,9.58,0.0
31.1978572,121.3968199,65.07,49.44,9.58,0.0
31.1978333,121.3968620,65.07,49.94,9.58,0.0
31.1978094,121.3969040,65.07,50.44,9.58,0.0
31.1977855,121.3969461,65.07,50.94,9.58,0.0
31.1977615,121.3969882,65.07,51.44,9.58,0.0
31.1977376,121.3970303,65.07,51.94,9.58,0.0
31.1977137,121.3970723,65.07,52.45,9.58,0.0
31.1976898,121.3971144,65.07,52.95,9.58,0.0
31.1976659,121.3971565,65.07,53.45,9.58,0.0
31.1976420,121.3971986,65.07,53.95,9.58,0.0
31.1976180,121.3972407,65.07,54.45,9.58,0.0
31.1975941,121.3972827,65.07,54.95,9.58,0.0
31.1975702,121.3973248,65.07,55.45,9.58,0.0
31.1975463,121.3973669,65.07,55.96,9.58,0.0
31.1975224,121.3974090,65.07,56.46,9.58,0.0
31.1974985,121.3974510,65.07,56.96,9.58,0.0
31.1974746,121.3974931,65.07,57.46,9.58,0.0
31.1974506,121.3975352,65.07,57.96,9.58,0.0
31.1974267,121.3975773,65.07,58.46,9.58,0.0
31.1974028,121.3976194,65.07,58.97,9.58,0.0
31.1973789,121.3976614,65.07,59.47,9.58,0.0
31.1973550,121.3977035,65.07,59.97,9.58,0.0
31.1973311,121.3977456,65.07,60.47,9.58,0.0
31.1973072,121.3977877,65.07,60.97,9.58,0.0
31.1972832,121.3978297,65.07,61.47,9.58,0.0
31.1972593,121.3978718,65.07,61.97,9.58,0.0
31.1972354,121.3979139,65.07,62.48,9.58,0.0
31.1972115,121.3979560,65.07,62.98,9.58,0.0
31.1971876,121.3979980,65.07,63.48,9.58,0.0
31.1971637,121.3980401,65.07,63.98,9.58,0.0
31.1971398,121.3980822,65.07,64.48,9.58,0.0
31.1971158,121.3981243,65.07,64.98,9.58,0.0
31.1970919,121.3981664,65.07,65.48,9.58,0.0
31.1970680,121.3982084,65.07,65.99,9.58,0.0
31.1970441,121.3982505,65.07,66.49,9.58,0.0
31.1970202,121.3982926,65.07,66.99,9.58,0.0
31.1969963,121.3983347,65.07,67.49,9.58,0.0
31.1969724,121.3983767,65.07,67.99,9.58,0.0
31.1969484,121.3984188,65.07,68.49,9.58,0.0
31.1969245,121.3984609,65.07,68.99,9.58,0.0
31.1969006,121.3985030,65.07,69.50,9.58,0.0
31.1968767,121.3985451,65.07,70.00,9.58,0.0
31.1968528,121.3985871,65.07,70.50,9.58,0.0
31.1968289,121.3986292,65.07,71.00,9.58,0.0
31.1968050,121.3986713,65.07,71.50,9.58,0.0
31.1967810,121.3987134,65.07,72.00,9.58,0.0
31.1967571,121.3987554,65.07,72.51,9.58,0.0
31.1967332,121.3987975,65.07,73.01,9.58,0.0
31.1967093,121.3988396,65.07,73.51,9.58,0.0
31.1966854,121.3988817,65.07,74.01,9.58,0.0
31.1966615,121.3989237,65.07,74.51,9.58,0.0
31.1966376,121.3989658,65.07,75.01,9.58,0.0
31.1966136,121.3990079,65.07,75.51,9.58,0.0
31.1965897,121.3990500,65.07,76.02,9.58,0.0
31.1965658,121.3990921,65.07,76.52,9.58,0.0
31.1965419,121.3991341,65.07,77.02,9.58,0.0
31.1965180,121.3991762,65.07,77.52,9.58,0.0
31.1964941,121.3992183,65.07,78.02,9.58,0.0
31.1964702,121.3992604,65.07,78.52,9.58,0.0
31.1964462,121.3993024,65.07,79.02,9.58,0.0
31.1964223,121.3993445,65.07,79.53,9.58,0.0
31.1963984,121.3993866,65.07,80.03,9.58,0.0
31.1963745,121.3994287,65.07,80.53,9.58,0.0
31.1963506,121.3994708,65.07,81.03,9.58,0.0
31.1963267,121.3995128,65.07,81.53,9.58,0.0
31.1963028,121.3995549,65.07,82.03,9.58,0.0
31.1962788,121.3995970,65.07,82.53,9.58,0.0
31.1962549,121.3996391,65.07,83.04,9.58,0.0
31.1962310,121.3996811,65.07,83.54,9.58,0.0
31.1962071,121.3997232,65.07,84.04,9.58,0.0
31.1961832,121.3997653,65.07,84.54,9.58,0.0
31.1961593,121.3998074,65.07,85.04,9.58,0.0
31.1961354,121.3998494,65.07,85.54,9.58,0.0
31.1961114,121.3998915,65.07,86.05,9.58,0.0
31.1960875,121.3999336,65.07,86.55,9.58,0.0
31.1960636,121.3999757,65.07,87.05,9.58,0.0
31.1960397,121.4000178,65.07,87.55,9.58,0.0
31.1960158,121.4000598,65.07,88.05,9.58,0.0
31.1959919,121.4001019,65.07,88.55,9.58,0.0
31.1959680,121.4001440,65.07,89.05,9.58,0.0
31.1959440,121.4001861,65.07,89.56,9.58,0.0
31.1959201,121.4002281,65.07,90.06,9.58,0.0
31.1958962,121.4002702,65.07,90.56,9.58,0.0
31.1958723,121.4003123,65.07,91.06,9.58,0.0
31.1958484,121.4003544,65.07,91.56,9.58,0.0
31.1958245,121.4003965,65.07,92.06,9.58,0.0
31.1958006,121.4004385,65.07,92.56,9.58,0.0
31.1957766,121.4004806,65.07,93.07,9.58,0.0
31.1957527,121.4005227,65.07,93.57,9.58,0.0
31.1957288,121.4005648,65.07,94.07,9.58,0.0
31.1957049,121.4006068,65.07,94.57,9.58,0.0
31.1956810,121.4006489,65.07,95.07,9.58,0.0
31.1956571,121.4006910,65.07,95.57,9.58,0.0
31.1956332,121.4007331,65.07,96.07,9.58,0.0
31.1956092,121.4007751,65.07,96.58,9.58,0.0
31.1955853,121.4008172,65.07,97.08,9.58,0.0
31.1955614,121.4008593,65.07,97.58,9.58,0.0
31.1955375,121.4009014,65.07,98.08,9.58,0.0
31.1955136,121.4009435,65.07,98.58,9.58,0.0
31.1954897,121.4009855,65.07,99.08,9.58,0.0
31.1954658,121.4010276,65.07,99.58,9.58,0.0
31.1954418,121.4010697,65.07,100.09,9.58,0.0
31.1954179,121.4011118,65.07,100.59,9.58,0.0
31.1953940,121.4011538,65.07,101.09,9.58,0.0
31.1953701,121.4011959,65.07,101.59,9.58,0.0
31.1953462,121.4012380,65.07,102.09,9.58,0.0
31.1953223,121.4012801,65.07,102.59,9.58,0.0
31.1952984,121.4013222,65.07,103.10,9.58,0.0
31.1952744,121.4013642,65.07,103.60,9.58,0.0
31.1952505,121.4014063,65.07,104.10,9.58,0.0
31.1952266,121.4014484,65.07,104.60,9.58,0.0
31.1952027,121.4014905,65.07,105.10,9.58,0.0
31.1951788,121.4015325,65.07,105.60,9.58,0.0
31.1951549,121.4015746,65.07,106.10,9.58,0.0
31.1951310,121.4016167,65.07,106.61,9.58,0.0
31.1951070,121.4016588,65.07,107.11,9.58,0.0
31.1950831,121.4017008,65.07,107.61,9.58,0.0
31.1950592,121.4017429,65.07,108.11,9.58,0.0
31.1950353,121.4017850,65.07,108.61,9.58,0.0
31.1950114,121.4018271,65.07,109.11,9.58,0.0
31.1949875,121.4018692,65.07,109.61,9.58,0.0
31.1949636,121.4019112,65.07,110.12,9.58,0.0
31.1949396,121.4019533,65.07,110.62,9.58,0.0
31.1949157,121.4019954,65.07,111.12,9.58,0.0
31.1948918,121.4020375,65.07,111.62,9.58,0.0
31.1948679,121.4020795,65.07,112.12,9.58,0.0
31.1948440,121.4021216,65.07,112.62,9.58,0.0
31.1948201,121.4021637,65.07,113.12,9.58,0.0
31.1947962,121.4022058,65.07,113.63,9.58,0.0
31.1947722,121.4022479,65.07,114.13,9.58,0.0
31.1947483,121.4022899,65.07,114.63,9.58,0.0
31.1947244,121.4023320,65.07,115.13,9.58,0.0
31.1947005,121.4023741,65.07,115.63,9.58,0.0
31.1946766,121.4024162,65.07,116.13,9.58,0.0
31.1946527,121.4024582,65.07,116.64,9.58,0.0
31.1946288,121.4025003,65.07,117.14,9.58,0.0
31.1946048,121.4025424,65.07,117.64,9.58,0.0
31.1945809,121.4025845,65.07,118.14,9.58,0.0
31.1945570,121.4026265,65.07,118.64,9.58,0.0
31.1945331,121.4026686,65.07,119.14,9.58,0.0
31.1945092,121.4027107,65.07,119.64,9.58,0.0
31.1944853,121.4027528,65.07,120.15,9.58,0.0
31.1944614,121.4027949,65.07,120.65,9.58,0.0
31.1944374,121.4028369,65.07,121.15,9.58,0.0
31.1944135,121.4028790,65.07,121.65,9.58,0.0
31.1943896,121.4029211,65.07,122.15,9.58,0.0
31.1943657,121.4029632,65.07,122.65,9.58,0.0
31.1943418,121.4030052,65.07,123.15,9.58,0.0
31.1943179,121.4030473,65.07,123.66,9.58,0.0
31.1942940,121.4030894,65.07,124.16,9.58,0.0
31.1942700,121.4031315,65.07,124.66,9.58,0.0
31.1942461,121.4031736,65.07,125.16,9.58,0.0
31.1942222,121.4032156,65.07,125.66,9.58,0.0
31.1941983,121.4032577,65.07,126.16,9.58,0.0
31.1941744,121.4032998,65.07,126.66,9.58,0.0
31.1941505,121.4033419,65.07,127.17,9.58,0.0
31.1941266,121.4033839,65.07,127.67,9.58,0.0
31.1941026,121.4034260,65.07,128.17,9.58,0.0
31.1940787,121.4034681,65.07,128.67,9.58,0.0
31.1940548,121.4035102,65.07,129.17,9.58,0.0
31.1940309,121.4035522,65.07,129.67,9.58,0.0
31.1940070,121.4035943,65.07,130.18,9.58,0.0
31.1939831,121.4036364,65.07,130.68,9.58,0.0
31.1939592,121.4036785,65.07,131.18,9.58,0.0
31.1939352,121.4037206,65.07,131.68,9.58,0.0
31.1939113,121.4037626,65.07,132.18,9.58,0.0
31.1938874,121.4038047,65.07,132.68,9.58,0.0
31.1938634,121.4037628,65.07,133.18,9.58,0.0
31.1938394,121.4037209,65.07,133.68,9.58,0.0
31.1938154,121.4036789,65.07,134.18,9.58,0.0
31.1937914,121.4036370,65.07,134.69,9.58,0.0
31.1937674,121.4035951,65.07,135.19,9.58,0.0
31.1937434,121.4035532,65.07,135.69,9.58,0.0
31.1937193,121.4035113,65.07,136.19,9.58,0.0
31.1936953,121.4034693,65.07,136.69,9.58,0.0
31.1936713,121.4034274,65.07,137.19,9.58,0.0
31.1936473,121.4033855,65.07,137.69,9.58,0.0
31.1936233,121.4033436,65.07,138.19,9.58,0.0
31.1935993,121.4033016,65.07,138.69,9.58,0.0
31.1935753,121.4032597,65.07,139.19,9.58,0.0
31.1935513,121.4032178,65.07,139.69,9.58,0.0
31.1935273,121.4031759,65.07,140.19,9.58,0.0
31.1935033,121.4031340,65.07,140.70,9.58,0.0
31.1934792,121.4030920,65.07,141.20,9.58,0.0
31.1934552,121.4030501,65.07,141.70,9.58,0.0
31.1934312,121.4030082,65.07,142.20,9.58,0.0
31.1934072,121.4029663,65.07,142.70,9.58,0.0
31.1933832,121.4029243,65.07,143.20,9.58,0.0
31.1933592,121.4028824,65.07,143.70,9.58,0.0
31.1933352,121.4028405,65.07,144.20,9.58,0.0
31.1933112,121.4027986,65.07,144.70,9.58,0.0
31.1932872,121.4027567,65.07,145.20,9.58,0.0
31.1932632,121.4027147,65.07,145.70,9.58,0.0
31.1932392,121.4026728,65.07,146.20,9.58,0.0
31.1932151,121.4026309,65.07,146.71,9.58,0.0
31.1931911,121.4025890,65.07,147.21,9.58,0.0
31.1931671,121.4025470,65.07,147.71,9.58,0.0
31.1931431,121.4025051,65.07,148.21,9.58,0.0
31.1931191,121.4024632,65.07,148.71,9.58,0.0
31.1930951,121.4024213,65.07,149.21,9.58,0.0
31.1930711,121.4023794,65.07,149.71,9.58,0.0
31.1930471,121.4023374,65.07,150.21,9.58,0.0
31.1930231,121.4022955,65.07,150.71,9.58,0.0
31.1929991,121.4022536,65.07,151.21,9.58,0.0
31.1929750,121.4022117,65.07,151.71,9.58,0.0
31.1929510,121.4021697,65.07,152.21,9.58,0.0
31.1929270,121.4021278,65.07,152.72,9.58,0.0
31.1929030,121.4020859,65.07,153.22,9.58,0.0
31.1928790,121.4020440,65.07,153.72,9.58,0.0
31.1928550,121.4020021,65.07,154.22,9.58,0.0
31.1928310,121.4019601,65.07,154.72,9.58,0.0
31.1928070,121.4019182,65.07,155.22,9.58,0.0
31.1927830,121.4018763,65.07,155.72,9.58,0.0
31.1927590,121.4018344,65.07,156.22,9.58,0.0
31.1927350,121.4017924,65.07,156.72,9.58,0.0
31.1927109,121.4017505,65.07,157.22,9.58,0.0
31.1926869,121.4017086,65.07,157.72,9.58,0.0
31.1926629,121.4016667,65.07,158.22,9.58,0.0
31.1926389,121.4016248,65.07,158.73,9.58,0.0
31.1926149,121.4015828,65.07,159.23,9.58,0.0
31.1925909,121.4015409,65.07,159.73,9.58,0.0
31.1925669,121.4014990,65.07,160.23,9.58,0.0
31.1925429,121.4014571,65.07,160.73,9.58,0.0
31.1925189,121.4014151,65.07,161.23,9.58,0.0
31.1924949,121.4013732,65.07,161.73,9.58,0.0
31.1924708,121.4013313,65.07,162.23,9.58,0.0
31.1924468,121.4012894,65.07,162.73,9.58,0.0
31.1924228,121.4012475,65.07,163.23,9.58,0.0
31.1923988,121.4012055,65.07,163.73,9.58,0.0
31.1923748,121.4011636,65.07,164.23,9.58,0.0
31.1923508,121.4011217,65.07,164.74,9.58,0.0
31.1923268,121.4010798,65.07,165.24,9.58,0.0
31.1923028,121.4010378,65.07,165.74,9.58,0.0
31.1922788,121.4009959,65.07,166.24,9.58,0.0
31.1922548,121.4009540,65.07,166.74,9.58,0.0
31.1922308,121.4009121,65.07,167.24,9.58,0.0
31.1922067,121.4008701,65.07,167.74,9.58,0.0
31.1921827,121.4008282,65.07,168.24,9.58,0.0
31.1921587,121.4007863,65.07,168.74,9.58,0.0
31.1921347,121.4007444,65.07,169.24,9.58,0.0
31.1921107,121.4007025,65.07,169.74,9.58,0.0
31.1920867,121.4006605,65.07,170.24,9.58,0.0
31.1920627,121.4006186,65.07,170.75,9.58,0.0
31.1920387,121.4005767,65.07,171.25,9.58,0.0
31.1920147,121.4005348,65.07,171.75,9.58,0.0
31.1919907,121.4004928,65.07,172.25,9.58,0.0
31.1919666,121.4004509,65.07,172.75,9.58,0.0
31.1919426,121.4004090,65.07,173.25,9.58,0.0
31.1919186,121.4003671,65.07,173.75,9.58,0.0
31.1918946,121.4003252,65.07,174.25,9.58,0.0
31.1918706,121.4002832,65.07,174.75,9.58,0.0
31.1918466,121.4002413,65.07,175.25,9.58,0.0
31.1918226,121.4001994,65.07,175.75,9.58,0.0
31.1917986,121.4001575,65.07,176.25,9.58,0.0
31.1917746,121.4001155,65.07,176.76,9.58,0.0
31.1917506,121.4000736,65.07,177.26,9.58,0.0
31.1917266,121.4000317,65.07,177.76,9.58,0.0
31.1917025,121.3999898,65.07,178.26,9.58,0.0
31.1916785,121.3999479,65.07,178.76,9.58,0.0
31.1916545,121.3999059,65.07,179.26,9.58,0.0
31.1916305,121.3998640,65.07,179.76,9.58,0.0
31.1916065,121.3998221,65.07,180.26,9.58,0.0
31.1915825,121.3997802,65.07,180.76,9.58,0.0
31.1915585,121.3997382,65.07,181.26,9.58,0.0
31.1915345,121.3996963,65.07,181.76,9.58,0.0
31.1915105,121.3996544,65.07,182.26,9.58,0.0
31.1914865,121.3996125,65.07,182.77,9.58,0.0
31.1914624,121.3995706,65.07,183.27,9.58,0.0
31.1914384,121.3995286,65.07,183.77,9.58,0.0
31.1914144,121.3994867,65.07,184.27,9.58,0.0
31.1913904,121.3994448,65.07,184.77,9.58,0.0
31.1913664,121.3994029,65.07,185.27,9.58,0.0
31.1913424,121.3993609,65.07,185.77,9.58,0.0
31.1913184,121.3993190,65.07,186.27,9.58,0.0
31.1912944,121.3992771,65.07,186.77,9.58,0.0
31.1912704,121.3992352,65.07,187.27,9.58,0.0
31.1912464,121.3991933,65.07,187.77,9.58,0.0
31.1912224,121.3991513,65.07,188.27,9.58,0.0
31.1911983,121.3991094,65.07,188.78,9.58,0.0
31.1911743,121.3990675,65.07,189.28,9.58,0.0
31.1911503,121.3990256,65.07,189.78,9.58,0.0
31.1911263,121.3989836,65.07,190.28,9.58,0.0
31.1911023,121.3989417,65.07,190.78,9.58,0.0
31.1910783,121.3988998,65.07,191.28,9.58,0.0
31.1910543,121.3988579,65.07,191.78,9.58,0.0
31.1910303,121.3988160,65.07,192.28,9.58,0.0
31.1910063,121.3987740,65.07,192.78,9.58,0.0
31.1909823,121.3987321,65.07,193.28,9.58,0.0
31.1909582,121.3986902,65.07,193.78,9.58,0.0
31.1909342,121.3986483,65.07,194.28,9.58,0.0
31.1909102,121.3986063,65.07,194.78,9.58,0.0
31.1908862,121.3985644,65.07,195.29,9.58,0.0
31.1908622,121.3985225,65.07,195.79,9.58,0.0
31.1908382,121.3984806,65.07,196.29,9.58,0.0
31.1908142,121.3984387,65.07,196.79,9.58,0.0
31.1907902,121.3983967,65.07,197.29,9.58,0.0
31.1907662,121.3983548,65.07,197.79,9.58,0.0
31.1907422,121.3983129,65.07,198.29,9.58,0.0
31.1907182,121.3982710,65.07,198.79,9.58,0.0
31.1906941,121.3982290,65.07,199.29,9.58,0.0
31.1906701,121.3981871,65.07,199.79,9.58,0.0
31.1906461,121.3981452,65.07,200.29,9.58,0.0
31.1906221,121.3981033,65.07,200.79,9.58,0.0
31.1905981,121.3980614,65.07,201.30,9.58,0.0
31.1905741,121.3980194,65.07,201.80,9.58,0.0
31.1905501,121.3979775,65.07,202.30,9.58,0.0
31.1905261,121.3979356,65.07,202.80,9.58,0.0
31.1905021,121.3978937,65.07,203.30,9.58,0.0
31.1904781,121.3978517,65.07,203.80,9.58,0.0
31.1904540,121.3978098,65.07,204.30,9.58,0.0
31.1904300,121.3977679,65.07,204.80,9.58,0.0
31.1904060,121.3977260,65.07,205.30,9.58,0.0
31.1903820,121.3976841,65.07,205.80,9.58,0.0
31.1903580,121.3976421,65.07,206.30,9.58,0.0
31.1903340,121.3976002,65.07,206.80,9.58,0.0
31.1903100,121.3975583,65.07,207.31,9.58,0.0
31.1902860,121.3975164,65.07,207.81,9.58,0.0
31.1902620,121.3974744,65.07,208.31,9.58,0.0
31.1902380,121.3974325,65.07,208.81,9.58,0.0
31.1902140,121.3973906,65.07,209.31,9.58,0.0
31.1902320,121.3973447,65.07,209.81,9.58,0.0
31.1902501,121.3972989,65.07,210.31,9.58,0.0
31.1902681,121.3972530,65.07,210.81,9.58,0.0
31.1902862,121.3972071,65.07,211.31,9.58,0.0
31.1903043,121.3971613,65.07,211.82,9.58,0.0
31.1903223,121.3971154,65.07,212.32,9.58,0.0
31.1903404,121.3970695,65.07,212.82,9.58,0.0
31.1903584,121.3970236,65.07,213.32,9.58,0.0
31.1903765,121.3969778,65.07,213.82,9.58,0.0
31.1903946,121.3969319,65.07,214.32,9.58,0.0
31.1904126,121.3968860,65.07,214.82,9.58,0.0
31.1904307,121.3968402,65.07,215.32,9.58,0.0
31.1904487,121.3967943,65.07,215.83,9.58,0.0
31.1904668,121.3967484,65.07,216.33,9.58,0.0
31.1904849,121.3967026,65.07,216.83,9.58,0.0
31.1905029,121.3966567,65.07,217.33,9.58,0.0
31.1905210,121.3966108,65.07,217.83,9.58,0.0
31.1905390,121.3965650,65.07,218.33,9.58,0.0
31.1905571,121.3965191,65.07,218.83,9.58,0.0
31.1905752,121.3964732,65.07,219.33,9.58,0.0
31.1905932,121.3964274,65.07,219.84,9.58,0.0
31.1906113,121.3963815,65.07,220.34,9.58,0.0
31.1906294,121.3963356,65.07,220.84,9.58,0.0
31.1906474,121.3962897,65.07,221.34,9.58,0.0
31.1906655,121.3962439,65.07,221.84,9.58,0.0
31.1906835,121.3961980,65.07,222.34,9.58,0.0
31.1907016,121.3961521,65.07,222.84,9.58,0.0
31.1907197,121.3961063,65.07,223.34,9.58,0.0
31.1907377,121.3960604,65.07,223.85,9.58,0.0
31.1907558,121.3960145,65.07,224.35,9.58,0.0
31.1907738,121.3959687,65.07,224.85,9.58,0.0
31.1907919,121.3959228,65.07,225.35,9.58,0.0
31.1908100,121.3958769,65.07,225.85,9.58,0.0
31.1908280,121.3958311,65.07,226.35,9.58,0.0
31.1908461,121.3957852,65.07,226.85,9.58,0.0
31.1908641,121.3957393,65.07,227.35,9.58,0.0
31.1908822,121.3956935,65.07,227.86,9.58,0.0
31.1909003,121.3956476,65.07,228.36,9.58,0.0
31.1909183,121.3956017,65.07,228.86,9.58,0.0
31.1909364,121.3955558,65.07,229.36,9.58,0.0
31.1909544,121.3955100,65.07,229.86,9.58,0.0
31.1909725,121.3954641,65.07,230.36,9.58,0.0
31.1909906,121.3954182,65.07,230.86,9.58,0.0
31.1910086,121.3953724,65.07,231.36,9.58,0.0
31.1910267,121.3953265,65.07,231.87,9.58,0.0
31.1910448,121.3952806,65.07,232.37,9.58,0.0
31.1910628,121.3952348,65.07,232.87,9.58,0.0
31.1910809,121.3951889,65.07,233.37,9.58,0.0
31.1910989,121.3951430,65.07,233.87,9.58,0.0
31.1911170,121.3950972,65.07,234.37,9.58,0.0
31.1911351,121.3950513,65.07,234.87,9.58,0.0
31.1911531,121.3950054,65.07,235.37,9.58,0.0
31.1911712,121.3949596,65.07,235.88,9.58,0.0
31.1911892,121.3949137,65.07,236.38,9.58,0.0
31.1912073,121.3948678,65.07,236.88,9.58,0.0
31.1912254,121.3948219,65.07,237.38,9.58,0.0
31.1912434,121.3947761,65.07,237.88,9.58,0.0
31.1912615,121.3947302,65.07,238.38,9.58,0.0
31.1912795,121.3946843,65.07,238.88,9.58,0.0
31.1912976,121.3946385,65.07,239.38,9.58,0.0
31.1913157,121.3945926,65.07,239.89,9.58,0.0
31.1913337,121.3945467,65.07,240.39,9.58,0.0
31.1913518,121.3945009,65.07,240.89,9.58,0.0
31.1913698,121.3944550,65.07,241.39,9.58,0.0
31.1913879,121.3944091,65.07,241.89,9.58,0.0
31.1914060,121.3943633,65.07,242.39,9.58,0.0
31.1914240,121.3943174,65.07,242.89,9.58,0.0
31.1914421,121.3942715,65.07,243.39,9.58,0.0
31.1914602,121.3942256,65.07,243.90,9.58,0.0
31.1914782,121.3941798,65.07,244.40,9.58,0.0
31.1914963,121.3941339,65.07,244.90,9.58,0.0
31.1915143,121.3940880,65.07,245.40,9.58,0.0
31.1915324,121.3940422,65.07,245.90,9.58,0.0
31.1915505,121.3939963,65.07,246.40,9.58,0.0
31.1915685,121.3939504,65.07,246.90,9.58,0.0
31.1915866,121.3939046,65.07,247.40,9.58,0.0
31.1916046,121.3938587,65.07,247.91,9.58,0.0
31.1916227,121.3938128,65.07,248.41,9.58,0.0
31.1916408,121.3937670,65.07,248.91,9.58,0.0
31.1916588,121.3937211,65.07,249.41,9.58,0.0
31.1916769,121.3936752,65.07,249.91,9.58,0.0
31.1916949,121.3936294,65.07,250.41,9.58,0.0
31.1917130,121.3935835,65.07,250.91,9.58,0.0
31.1917311,121.3935376,65.07,251.41,9.58,0.0
31.1917491,121.3934917,65.07,251.92,9.58,0.0
31.1917672,121.3934459,65.07,252.42,9.58,0.0
31.1917852,121.3934000,65.07,252.92,9.58,0.0
31.1918033,121.3933541,65.07,253.42,9.58,0.0
31.1918214,121.3933083,65.07,253.92,9.58,0.0
31.1918394,121.3932624,65.07,254.42,9.58,0.0
31.1918575,121.3932165,65.07,254.92,9.58,0.0
31.1918756,121.3931707,65.07,255.42,9.58,0.0
31.1918936,121.3931248,65.07,255.93,9.58,0.0
31.1919117,121.3930789,65.07,256.43,9.58,0.0
31.1919297,121.3930331,65.07,256.93,9.58,0.0
31.1919478,121.3929872,65.07,257.43,9.58,0.0
31.1919659,121.3929413,65.07,257.93,9.58,0.0
31.1919839,121.3928955,65.07,258.43,9.58,0.0
31.1920020,121.3928496,65.07,258.93,9.58,0.0
31.1920200,121.3928037,65.07,259.43,9.58,0.0
31.1920381,121.3927578,65.07,259.94,9.58,0.0
31.1920562,121.3927120,65.07,260.44,9.58,0.0
31.1920742,121.3926661,65.07,260.94,9.58,0.0
31.1920923,121.3926202,65.07,261.44,9.58,0.0
31.1921103,121.3925744,65.07,261.94,9.58,0.0
31.1921284,121.3925285,65.07,262.44,9.58,0.0
31.1921465,121.3924826,65.07,262.94,9.58,0.0
31.1921645,121.3924368,65.07,263.45,9.58,0.0
31.1921826,121.3923909,65.07,263.95,9.58,0.0
31.1922006,121.3923450,65.07,264.45,9.58,0.0
31.1922187,121.3922992,65.07,264.95,9.58,0.0
31.1922368,121.3922533,65.07,265.45,9.58,0.0
31.1922548,121.3922074,65.07,265.95,9.58,0.0
31.1922729,121.3921616,65.07,266.45,9.58,0.0
31.1922910,121.3921157,65.07,266.95,9.58,0.0
31.1923090,121.3920698,65.07,267.46,9.58,0.0
31.1923271,121.3920239,65.07,267.96,9.58,0.0
31.1923451,121.3919781,65.07,268.46,9.58,0.0
31.1923632,121.3919322,65.07,268.96,9.58,0.0
31.1923813,121.3918863,65.07,269.46,9.58,0.0
31.1923993,121.3918405,65.07,269.96,9.58,0.0
31.1924174,121.3917946,65.07,270.46,9.58,0.0
31.1924354,121.3917487,65.07,270.96,9.58,0.0
31.1924535,121.3917029,65.07,271.47,9.58,0.0
31.1924716,121.3916570,65.07,271.97,9.58,0.0
31.1924896,121.3916111,65.07,272.47,9.58,0.0
31.1925077,121.3915653,65.07,272.97,9.58,0.0
31.1925257,121.3915194,65.07,273.47,9.58,0.0
31.1925438,121.3914735,65.07,273.97,9.58,0.0
31.1925619,121.3914277,65.07,274.47,9.58,0.0
31.1925799,121.3913818,65.07,274.97,9.58,0.0
31.1925980,121.3913359,65.07,275.48,9.58,0.0
31.1926160,121.3912900,65.07,275.98,9.58,0.0
31.1926341,121.3912442,65.07,276.48,9.58,0.0
31.1926522,121.3911983,65.07,276.98,9.58,0.0
31.1926702,121.3911524,65.07,277.48,9.58,0.0
31.1926883,121.3911066,65.07,277.98,9.58,0.0
31.1927064,121.3910607,65.07,278.48,9.58,0.0
31.1927244,121.3910148,65.07,278.98,9.58,0.0
31.1927425,121.3909690,65.07,279.49,9.58,0.0
31.1927605,121.3909231,65.07,279.99,9.58,0.0
31.1927786,121.3908772,65.07,280.49,9.58,0.0
31.1927967,121.3908314,65.07,280.99,9.58,0.0
31.1928147,121.3907855,65.07,281.49,9.58,0.0
31.1928328,121.3907396,65.07,281.99,9.58,0.0
31.1928508,121.3906938,65.07,282.49,9.58,0.0
31.1928689,121.3906479,65.07,282.99,9.58,0.0
31.1928870,121.3906020,65.07,283.50,9.58,0.0
31.1929050,121.3905561,65.07,284.00,9.58,0.0
31.1929231,121.3905103,65.07,284.50,9.58,0.0
31.1929411,121.3904644,65.07,285.00,9.58,0.0
31.1929592,121.3904185,65.07,285.50,9.58,0.0
31.1929773,121.3903727,65.07,286.00,9.58,0.0
31.1929953,121.3903268,65.07,286.50,9.58,0.0
31.1930134,121.3902809,65.07,287.00,9.58,0.0
31.1930314,121.3902351,65.07,287.51,9.58,0.0
31.1930495,121.3901892,65.07,288.01,9.58,0.0
31.1930676,121.3901433,65.07,288.51,9.58,0.0
31.1930856,121.3900975,65.07,289.01,9.58,0.0
31.1931037,121.3900516,65.07,289.51,9.58,0.0
31.1931218,121.3900057,65.07,290.01,9.58,0.0
31.1931398,121.3899599,65.07,290.51,9.58,0.0
31.1931579,121.3899140,65.07,291.01,9.58,0.0
31.1931759,121.3898681,65.07,291.52,9.58,0.0
31.1931940,121.3898222,65.07,292.02,9.58,0.0
31.1932121,121.3897764,65.07,292.52,9.58,0.0
31.1932301,121.3897305,65.07,293.02,9.58,0.0
31.1932482,121.3896846,65.07,293.52,9.58,0.0
31.1932662,121.3896388,65.07,294.02,9.58,0.0
31.1932843,121.3895929,65.07,294.52,9.58,0.0
31.1933024,121.3895470,65.07,295.02,9.58,0.0
31.1933204,121.3895012,65.07,295.53,9.58,0.0
31.1933385,121.3894553,65.07,296.03,9.58,0.0
31.1933565,121.3894094,65.07,296.53,9.58,0.0
31.1933746,121.3893636,65.07,297.03,9.58,0.0
31.1933927,121.3893177,65.07,297.53,9.58,0.0
31.1934107,121.3892718,65.07,298.03,9.58,0.0
31.1934288,121.3892260,65.07,298.53,9.58,0.0
31.1934468,121.3891801,65.07,299.03,9.58,0.0
31.1934649,121.3891342,65.07,299.54,9.58,0.0
31.1934830,121.3890883,65.07,300.04,9.58,0.0
31.1935010,121.3890425,65.07,300.54,9.58,0.0
31.1935191,121.3889966,65.07,301.04,9.58,0.0
31.1935372,121.3889507,65.07,301.54,9.58,0.0
31.1935552,121.3889049,65.07,302.04,9.58,0.0
31.1935733,121.3888590,65.07,302.54,9.58,0.0
31.1935913,121.3888131,65.07,303.04,9.58,0.0
31.1936094,121.3887673,65.07,303.55,9.58,0.0
31.1936275,121.3887214,65.07,304.05,9.58,0.0
31.1936455,121.3886755,65.07,304.55,9.58,0.0
31.1936636,121.3886297,65.07,305.05,9.58,0.0
31.1936816,121.3885838,65.07,305.55,9.58,0.0
31.1936997,121.3885379,65.07,306.05,9.58,0.0
31.1937178,121.3884921,65.07,306.55,9.58,0.0
31.1937358,121.3884462,65.07,307.05,9.58,0.0
31.1937539,121.3884003,65.07,307.56,9.58,0.0
31.1937719,121.3883544,65.07,308.06,9.58,0.0
31.1937900,121.3883086,65.07,308.56,9.58,0.0
31.1938081,121.3882627,65.07,309.06,9.58,0.0
31.1938261,121.3882168,65.07,309.56,9.58,0.0
31.1938442,121.3881710,65.07,310.06,9.58,0.0
31.1938622,121.3881251,65.07,310.56,9.58,0.0
31.1938803,121.3880792,65.07,311.06,9.58,0.0
31.1938984,121.3880334,65.07,311.57,9.58,0.0
31.1939164,121.3879875,65.07,312.07,9.58,0.0
31.1939345,121.3879416,65.07,312.57,9.58,0.0
31.1939526,121.3878958,65.07,313.07,9.58,0.0
31.1939706,121.3878499,65.07,313.57,9.58,0.0
31.1939887,121.3878040,65.07,314.07,9.58,0.0
31.1940067,121.3877582,65.07,314.57,9.58,0.0
31.1940248,121.3877123,65.07,315.07,9.58,0.0
31.1940429,121.3876664,65.07,315.58,9.58,0.0
31.1940609,121.3876205,65.07,316.08,9.58,0.0
31.1940790,121.3875747,65.07,316.58,9.58,0.0
31.1940970,121.3875288,65.07,317.08,9.58,0.0
31.1941151,121.3874829,65.07,317.58,9.58,0.0
31.1941332,121.3874371,65.07,318.08,9.58,0.0
31.1941512,121.3873912,65.07,318.58,9.58,0.0
31.1941693,121.3873453,65.07,319.08,9.58,0.0
31.1941873,121.3872995,65.07,319.59,9.58,0.0
31.1942054,121.3872536,65.07,320.09,9.58,0.0
31.1942235,121.3872077,65.07,320.59,9.58,0.0
31.1942415,121.3871619,65.07,321.09,9.58,0.0
31.1942596,121.3871160,65.07,321.59,9.58,0.0
31.1942776,121.3870701,65.07,322.09,9.58,0.0
31.1942957,121.3870243,65.07,322.59,9.58,0.0
31.1943138,121.3869784,65.07,323.10,9.58,0.0
31.1943318,121.3869325,65.07,323.60,9.58,0.0
31.1943499,121.3868866,65.07,324.10,9.58,0.0
31.1943680,121.3868408,65.07,324.60,9.58,0.0
31.1943860,121.3867949,65.07,325.10,9.58,0.0
31.1944041,121.3867490,65.07,325.60,9.58,0.0
31.1944221,121.3867032,65.07,326.10,9.58,0.0
31.1944402,121.3866573,65.07,326.60,9.58,0.0
31.1944583,121.3866114,65.07,327.11,9.58,0.0
31.1944763,121.3865656,65.07,327.61,9.58,0.0
31.1944944,121.3865197,65.07,328.11,9.58,0.0
31.1945124,121.3864738,65.07,328.61,9.58,0.0
31.1945305,121.3864280,65.07,329.11,9.58,0.0
31.1945486,121.3863821,65.07,329.61,9.58,0.0
31.1945666,121.3863362,65.07,330.11,9.58,0.0
31.1945847,121.3862904,65.07,330.61,9.58,0.0
31.1946027,121.3862445,65.07,331.12,9.58,0.0
31.1946208,121.3861986,65.07,331.62,9.58,0.0
31.1946389,121.3861527,65.07,332.12,9.58,0.0
31.1946569,121.3861069,65.07,332.62,9.58,0.0
31.1946750,121.3860610,65.07,333.12,9.58,0.0
31.1946930,121.3860151,65.07,333.62,9.58,0.0
31.1947111,121.3859693,65.07,334.12,9.58,0.0
31.1947292,121.3859234,65.07,334.62,9.58,0.0
31.1947472,121.3858775,65.07,335.13,9.58,0.0
31.1947653,121.3858317,65.07,335.63,9.58,0.0
31.1947834,121.3857858,65.07,336.13,9.58,0.0
31.1948014,121.3857399,65.07,336.63,9.58,0.0
31.1948195,121.3856941,65.07,337.13,9.58,0.0
31.1948375,121.3856482,65.07,337.63,9.58,0.0
31.1948556,121.3856023,65.07,338.13,9.58,0.0
31.1948737,121.3855565,65.07,338.63,9.58,0.0
31.1948917,121.3855106,65.07,339.14,9.58,0.0
31.1949098,121.3854647,65.07,339.64,9.58,0.0
31.1949278,121.3854188,65.07,340.14,9.58,0.0
31.1949459,121.3853730,65.07,340.64,9.58,0.0
31.1949640,121.3853271,65.07,341.14,9.58,0.0
31.1949820,121.3852812,65.07,341.64,9.58,0.0
31.1950001,121.3852354,65.07,342.14,9.58,0.0
31.1950181,121.3851895,65.07,342.64,9.58,0.0
31.1950362,121.3851436,65.07,343.15,9.58,0.0
31.1950543,121.3850978,65.07,343.65,9.58,0.0
31.1950723,121.3850519,65.07,344.15,9.58,0.0
31.1950904,121.3850060,65.07,344.65,9.58,0.0
31.1951084,121.3849602,65.07,345.15,9.58,0.0
31.1951265,121.3849143,65.07,345.65,9.58,0.0
31.1951446,121.3848684,65.07,346.15,9.58,0.0
31.1951626,121.3848226,65.07,346.65,9.58,0.0
31.1951807,121.3847767,65.07,347.16,9.58,0.0
31.1951988,121.3847308,65.07,347.66,9.58,0.0
31.1952168,121.3846849,65.07,348.16,9.58,0.0
31.1952349,121.3846391,65.07,348.66,9.58,0.0
31.1952529,121.3845932,65.07,349.16,9.58,0.0
31.1952710,121.3845473,65.07,349.66,9.58,0.0
31.1952891,121.3845015,65.07,350.16,9.58,0.0
31.1953071,121.3844556,65.07,350.66,9.58,0.0
31.1953252,121.3844097,65.07,351.17,9.58,0.0
31.1953432,121.3843639,65.07,351.67,9.58,0.0
31.1953613,121.3843180,65.07,352.17,9.58,0.0
31.1953794,121.3842721,65.07,352.67,9.58,0.0
31.1953974,121.3842263,65.07,353.17,9.58,0.0
31.1954155,121.3841804,65.07,353.67,9.58,0.0
31.1954335,121.3841345,65.07,354.17,9.58,0.0
31.1954516,121.3840887,65.07,354.67,9.58,0.0
31.1954697,121.3840428,65.07,355.18,9.58,0.0
31.1954877,121.3839969,65.07,355.68,9.58,0.0
31.1955058,121.3839510,65.07,356.18,9.58,0.0
31.1955238,121.3839052,65.07,356.68,9.58,0.0
31.1955419,121.3838593,65.07,357.18,9.58,0.0
31.1955600,121.3838134,65.07,357.68,9.58,0.0
31.1955780,121.3837676,65.07,358.18,9.58,0.0
31.1955961,121.3837217,65.07,358.68,9.58,0.0
31.1956141,121.3836758,65.07,359.19,9.58,0.0
31.1956322,121.3836300,65.07,359.69,9.58,0.0
31.1956503,121.3835841,65.07,360.19,9.58,0.0
31.1956683,121.3835382,65.07,360.69,9.58,0.0
31.1956864,121.3834924,65.07,361.19,9.58,0.0
31.1957045,121.3834465,65.07,361.69,9.58,0.0
31.1957225,121.3834006,65.07,362.19,9.58,0.0
31.1957406,121.3833548,65.07,362.69,9.58,0.0
31.1957586,121.3833089,65.07,363.20,9.58,0.0
31.1957767,121.3832630,65.07,363.70,9.58,0.0
31.1957948,121.3832171,65.07,364.20,9.58,0.0
31.1958128,121.3831713,65.07,364.70,9.58,0.0
31.1958309,121.3831254,65.07,365.20,9.58,0.0
31.1958489,121.3830795,65.07,365.70,9.58,0.0
31.1958670,121.3830337,65.07,366.20,9.58,0.0
31.1958851,121.3829878,65.07,366.70,9.58,0.0
31.1959031,121.3829419,65.07,367.21,9.58,0.0
31.1959212,121.3828961,65.07,367.71,9.58,0.0
31.1959392,121.3828502,65.07,368.21,9.58,0.0
31.1959573,121.3828043,65.07,368.71,9.58,0.0
31.1959754,121.3827585,65.07,369.21,9.58,0.0
31.1959934,121.3827126,65.07,369.71,9.58,0.0
31.1960115,121.3826667,65.07,370.21,9.58,0.0
31.1959946,121.3827131,65.07,370.71,9.58,0.0
31.1959777,121.3827595,65.07,371.21,9.58,0.0
31.1959608,121.3828059,65.07,371.72,9.58,0.0
31.1959439,121.3828523,65.07,372.22,9.58,0.0
31.1959270,121.3828987,65.07,372.72,9.58,0.0
31.1959101,121.3829451,65.07,373.22,9.58,0.0
31.1958932,121.3829915,65.07,373.72,9.58,0.0
31.1958763,121.3830379,65.07,374.22,9.58,0.0
31.1958594,121.3830843,65.07,374.72,9.58,0.0
31.1958426,121.3831307,65.07,375.22,9.58,0.0
31.1958257,121.3831770,65.07,375.72,9.58,0.0
31.1958088,121.3832234,65.07,376.22,9.58,0.0
31.1957919,121.3832698,65.07,376.72,9.58,0.0
31.1957750,121.3833162,65.07,377.22,9.58,0.0
31.1957581,121.3833626,65.07,377.72,9.58,0.0
31.1957412,121.3834090,65.07,378.22,9.58,0.0
31.1957243,121.3834554,65.07,378.72,9.58,0.0
31.1957074,121.3835018,65.07,379.22,9.58,0.0
31.1956905,121.3835482,65.07,379.72,9.58,0.0
31.1956736,121.3835946,65.07,380.22,9.58,0.0
31.1956567,121.3836410,65.07,380.72,9.58,0.0
31.1956398,121.3836874,65.07,381.23,9.58,0.0
31.1956229,121.3837338,65.07,381.73,9.58,0.0
31.1956060,121.3837802,65.07,382.23,9.58,0.0
31.1955892,121.3838265,65.07,382.73,9.58,0.0
31.1955723,121.3838729,65.07,383.23,9.58,0.0
31.1955554,121.3839193,65.07,383.73,9.58,0.0
31.1955385,121.3839657,65.07,384.23,9.58,0.0
31.1955216,121.3840121,65.07,384.73,9.58,0.0
31.1955047,121.3840585,65.07,385.23,9.58,0.0
31.1954878,121.3841049,65.07,385.73,9.58,0.0
31.1954709,121.3841513,65.07,386.23,9.58,0.0
31.1954540,121.3841977,65.07,386.73,9.58,0.0
31.1954371,121.3842441,65.07,387.23,9.58,0.0
31.1954202,121.3842905,65.07,387.73,9.58,0.0
31.1954033,121.3843369,65.07,388.23,9.58,0.0
31.1953864,121.3843833,65.07,388.73,9.58,0.0
31.1953695,121.3844297,65.07,389.23,9.58,0.0
31.1953526,121.3844761,65.07,389.73,9.58,0.0
31.1953358,121.3845224,65.07,390.24,9.58,0.0
31.1953189,121.3845688,65.07,390.74,9.58,0.0
31.1953020,121.3846152,65.07,391.24,9.58,0.0
31.1952851,121.3846616,65.07,391.74,9.58,0.0
31.1952682,121.3847080,65.07,392.24,9.58,0.0
31.1952513,121.3847544,65.07,392.74,9.58,0.0
31.1952344,121.3848008,65.07,393.24,9.58,0.0
31.1952175,121.3848472,65.07,393.74,9.58,0.0
31.1952006,121.3848936,65.07,394.24,9.58,0.0
31.1951837,121.3849400,65.07,394.74,9.58,0.0
31.1951668,121.3849864,65.07,395.24,9.58,0.0
31.1951499,121.3850328,65.07,395.74,9.58,0.0
31.1951330,121.3850792,65.07,396.24,9.58,0.0
31.1951161,121.3851256,65.07,396.74,9.58,0.0
31.1950992,121.3851719,65.07,397.24,9.58,0.0
31.1950823,121.3852183,65.07,397.74,9.58,0.0
31.1950655,121.3852647,65.07,398.24,9.58,0.0
31.1950486,121.3853111,65.07,398.74,9.58,0.0
31.1950317,121.3853575,65.07,399.24,9.58,0.0
31.1950148,121.3854039,65.07,399.75,9.58,0.0
31.1949979,121.3854503,65.07,400.25,9.58,0.0
31.1949810,121.3854967,65.07,400.75,9.58,0.0
31.1949641,121.3855431,65.07,401.25,9.58,0.0
31.1949472,121.3855895,65.07,401.75,9.58,0.0
31.1949303,121.3856359,65.07,402.25,9.58,0.0
31.1949134,121.3856823,65.07,402.75,9.58,0.0
31.1948965,121.3857287,65.07,403.25,9.58,0.0
31.1948796,121.3857751,65.07,403.75,9.58,0.0
31.1948627,121.3858215,65.07,404.25,9.58,0.0
31.1948458,121.3858678,65.07,404.75,9.58,0.0
31.1948289,121.3859142,65.07,405.25,9.58,0.0
31.1948121,121.3859606,65.07,405.75,9.58,0.0
31.1947952,121.3860070,65.07,406.25,9.58,0.0
31.1947783,121.3860534,65.07,406.75,9.58,0.0
31.1947614,121.3860998,65.07,407.25,9.58,0.0
31.1947445,121.3861462,65.07,407.75,9.58,0.0
31.1947276,121.3861926,65.07,408.25,9.58,0.0
31.1947107,121.3862390,65.07,408.76,9.58,0.0
31.1946938,121.3862854,65.07,409.26,9.58,0.0
31.1946769,121.3863318,65.07,409.76,9.58,0.0
31.1946600,121.3863782,65.07,410.26,9.58,0.0
31.1946431,121.3864246,65.07,410.76,9.58,0.0
31.1946262,121.3864710,65.07,411.26,9.58,0.0
31.1946093,121.3865174,65.07,411.76,9.58,0.0
31.1945924,121.3865637,65.07,412.26,9.58,0.0
31.1945755,121.3866101,65.07,412.76,9.58,0.0
31.1945587,121.3866565,65.07,413.26,9.58,0.0
31.1945418,121.3867029,65.07,413.76,9.58,0.0
31.1945249,121.3867493,65.07,414.26,9.58,0.0
31.1945080,121.3867957,65.07,414.76,9.58,0.0
31.1944911,121.3868421,65.07,415.26,9.58,0.0
31.1944742,121.3868885,65.07,415.76,9.58,0.0
31.1944573,121.3869349,65.07,416.26,9.58,0.0
31.1944404,121.3869813,65.07,416.76,9.58,0.0
31.1944235,121.3870277,65.07,417.26,9.58,0.0
31.1944066,121.3870741,65.07,417.76,9.58,0.0
31.1943897,121.3871205,65.07,418.27,9.58,0.0
31.1943728,121.3871669,65.07,418.77,9.58,0.0
31.1943559,121.3872132,65.07,419.27,9.58,0.0
31.1943390,121.3872596,65.07,419.77,9.58,0.0
31.1943221,121.3873060,65.07,420.27,9.58,0.0
31.1943052,121.3873524,65.07,420.77,9.58,0.0
31.1942884,121.3873988,65.07,421.27,9.58,0.0
31.1942715,121.3874452,65.07,421.77,9.58,0.0
31.1942546,121.3874916,65.07,422.27,9.58,0.0
31.1942377,121.3875380,65.07,422.77,9.58,0.0
31.1942208,121.3875844,65.07,423.27,9.58,0.0
31.1942039,121.3876308,65.07,423.77,9.58,0.0
31.1941870,121.3876772,65.07,424.27,9.58,0.0
31.1941701,121.3877236,65.07,424.77,9.58,0.0
31.1941532,121.3877700,65.07,425.27,9.58,0.0
31.1941363,121.3878164,65.07,425.77,9.58,0.0
31.1941194,121.3878628,65.07,426.27,9.58,0.0
31.1941025,121.3879091,65.07,426.77,9.58,0.0
31.1940856,121.3879555,65.07,427.27,9.58,0.0
31.1940687,121.3880019,65.07,427.78,9.58,0.0
31.1940518,121.3880483,65.07,428.28,9.58,0.0
31.1940350,121.3880947,65.07,428.78,9.58,0.0
31.1940181,121.3881411,65.07,429.28,9.58,0.0
31.1940012,121.3881875,65.07,429.78,9.58,0.0
31.1939843,121.3882339,65.07,430.28,9.58,0.0
31.1939674,121.3882803,65.07,430.78,9.58,0.0
31.1939505,121.3883267,65.07,431.28,9.58,0.0
31.1939336,121.3883731,65.07,431.78,9.58,0.0
31.1939167,121.3884195,65.07,432.28,9.58,0.0
31.1938998,121.3884659,65.07,432.78,9.58,0.0
31.1938829,121.3885123,65.07,433.28,9.58,0.0
31.1938660,121.3885586,65.07,433.78,9.58,0.0
31.1938491,121.3886050,65.07,434.28,9.58,0.0
31.1938322,121.3886514,65.07,434.78,9.58,0.0
31.1938153,121.3886978,65.07,435.28,9.58,0.0
31.1937984,121.3887442,65.07,435.78,9.58,0.0
31.1937816,121.3887906,65.07,436.28,9.58,0.0
31.1937647,121.3888370,65.07,436.79,9.58,0.0
31.1937478,121.3888834,65.07,437.29,9.58,0.0
31.1937309,121.3889298,65.07,437.79,9.58,0.0
31.1937140,121.3889762,65.07,438.29,9.58,0.0
31.1936971,121.3890226,65.07,438.79,9.58,0.0
31.1936802,121.3890690,65.07,439.29,9.58,0.0
31.1936633,121.3891154,65.07,439.79,9.58,0.0
31.1936464,121.3891618,65.07,440.29,9.58,0.0
31.1936295,121.3892082,65.07,440.79,9.58,0.0
31.1936126,121.3892545,65.07,441.29,9.58,0.0
31.1935957,121.3893009,65.07,441.79,9.58,0.0
31.1935788,121.3893473,65.07,442.29,9.58,0.0
31.1935619,121.3893937,65.07,442.79,9.58,0.0
31.1935450,121.3894401,65.07,443.29,9.58,0.0
31.1935281,121.3894865,65.07,443.79,9.58,0.0
31.1935113,121.3895329,65.07,444.29,9.58,0.0
31.1934944,121.3895793,65.07,444.79,9.58,0.0
31.1934775,121.3896257,65.07,445.29,9.58,0.0
31.1934606,121.3896721,65.07,445.79,9.58,0.0
31.1934437,121.3897185,65.07,446.30,9.58,0.0
31.1934268,121.3897649,65.07,446.80,9.58,0.0
31.1934099,121.3898113,65.07,447.30,9.58,0.0
31.1933930,121.3898577,65.07,447.80,9.58,0.0
31.1933761,121.3899041,65.07,448.30,9.58,0.0
31.1933592,121.3899504,65.07,448.80,9.58,0.0
31.1933423,121.3899968,65.07,449.30,9.58,0.0
31.1933254,121.3900432,65.07,449.80,9.58,0.0
31.1933085,121.3900896,65.07,450.30,9.58,0.0
31.1932916,121.3901360,65.07,450.80,9.58,0.0
31.1932747,121.3901824,65.07,451.30,9.58,0.0
31.1932579,121.3902288,65.07,451.80,9.58,0.0
31.1932410,121.3902752,65.07,452.30,9.58,0.0
31.1932241,121.3903216,65.07,452.80,9.58,0.0
31.1932072,121.3903680,65.07,453.30,9.58,0.0
31.1931903,121.3904144,65.07,453.80,9.58,0.0
31.1931734,121.3904608,65.07,454.30,9.58,0.0
31.1931565,121.3905072,65.07,454.80,9.58,0.0
31.1931396,121.3905536,65.07,455.31,9.58,0.0
31.1931227,121.3905999,65.07,455.81,9.58,0.0
31.1931058,121.3906463,65.07,456.31,9.58,0.0
31.1930889,121.3906927,65.07,456.81,9.58,0.0
31.1930720,121.3907391,65.07,457.31,9.58,0.0
31.1930551,121.3907855,65.07,457.81,9.58,0.0
31.1930382,121.3908319,65.07,458.31,9.58,0.0
31.1930213,121.3908783,65.07,458.81,9.58,0.0
31.1930045,121.3909247,65.07,459.31,9.58,0.0
31.1929876,121.3909711,65.07,459.81,9.58,0.0
31.1929707,121.3910175,65.07,460.31,9.58,0.0
31.1929538,121.3910639,65.07,460.81,9.58,0.0
31.1929369,121.3911103,65.07,461.31,9.58,0.0
31.1929200,121.3911567,65.07,461.81,9.58,0.0
31.1929031,121.3912031,65.07,462.31,9.58,0.0
31.1928862,121.3912495,65.07,462.81,9.58,0.0
31.1928693,121.3912958,65.07,463.31,9.58,0.0
31.1928524,121.3913422,65.07,463.81,9.58,0.0
31.1928355,121.3913886,65.07,464.31,9.58,0.0
31.1928186,121.3914350,65.07,464.82,9.58,0.0
31.1928017,121.3914814,65.07,465.32,9.58,0.0
31.1927848,121.3915278,65.07,465.82,9.58,0.0
31.1927679,121.3915742,65.07,466.32,9.58,0.0
31.1927511,121.3916206,65.07,466.82,9.58,0.0
31.1927342,121.3916670,65.07,467.32,9.58,0.0
31.1927173,121.3917134,65.07,467.82,9.58,0.0
31.1927004,121.3917598,65.07,468.32,9.58,0.0
31.1926835,121.3918062,65.07,468.82,9.58,0.0
31.1926666,121.3918526,65.07,469.32,9.58,0.0
31.1926497,121.3918990,65.07,469.82,9.58,0.0
31.1926328,121.3919453,65.07,470.32,9.58,0.0
31.1926159,121.3919917,65.07,470.82,9.58,0.0
31.1925990,121.3920381,65.07,471.32,9.58,0.0
31.1925821,121.3920845,65.07,471.82,9.58,0.0
31.1925652,121.3921309,65.07,472.32,9.58,0.0
31.1925483,121.3921773,65.07,472.82,9.58,0.0
31.1925314,121.3922237,65.07,473.32,9.58,0.0
31.1925145,121.3922701,65.07,473.82,9.58,0.0
31.1924976,121.3923165,65.07,474.33,9.58,0.0
31.1924808,121.3923629,65.07,474.83,9.58,0.0
31.1924639,121.3924093,65.07,475.33,9.58,0.0
31.1924470,121.3924557,65.07,475.83,9.58,0.0
31.1924301,121.3925021,65.07,476.33,9.58,0.0
31.1924132,121.3925485,65.07,476.83,9.58,0.0
31.1923963,121.3925949,65.07,477.33,9.58,0.0
31.1923794,121.3926412,65.07,477.83,9.58,0.0
31.1923625,121.3926876,65.07,478.33,9.58,0.0
31.1923456,121.3927340,65.07,478.83,9.58,0.0
31.1923287,121.3927804,65.07,479.33,9.58,0.0
31.1923118,121.3928268,65.07,479.83,9.58,0.0
31.1922949,121.3928732,65.07,480.33,9.58,0.0
31.1922780,121.3929196,65.07,480.83,9.58,0.0
31.1922611,121.3929660,65.07,481.33,9.58,0.0
31.1922442,121.3930124,65.07,481.83,9.58,0.0
31.1922274,121.3930588,65.07,482.33,9.58,0.0
31.1922105,121.3931052,65.07,482.83,9.58,0.0
31.1921936,121.3931516,65.07,483.34,9.58,0.0
31.1921767,121.3931980,65.07,483.84,9.58,0.0
31.1921598,121.3932444,65.07,484.34,9.58,0.0
31.1921429,121.3932908,65.07,484.84,9.58,0.0
31.1921260,121.3933371,65.07,485.34,9.58,0.0
31.1921091,121.3933835,65.07,485.84,9.58,0.0
31.1920922,121.3934299,65.07,486.34,9.58,0.0
31.1920753,121.3934763,65.07,486.84,9.58,0.0
31.1920584,121.3935227,65.07,487.34,9.58,0.0
31.1920415,121.3935691,65.07,487.84,9.58,0.0
31.1920246,121.3936155,65.07,488.34,9.58,0.0
31.1920077,121.3936619,65.07,488.84,9.58,0.0
31.1919908,121.3937083,65.07,489.34,9.58,0.0
31.1919740,121.3937547,65.07,489.84,9.58,0.0
31.1919571,121.3938011,65.07,490.34,9.58,0.0
31.1919402,121.3938475,65.07,490.84,9.58,0.0
31.1919233,121.3938939,65.07,491.34,9.58,0.0
31.1919064,121.3939403,65.07,491.84,9.58,0.0
31.1918895,121.3939866,65.07,492.34,9.58,0.0
31.1918726,121.3940330,65.07,492.85,9.58,0.0
31.1918557,121.3940794,65.07,493.35,9.58,0.0
31.1918388,121.3941258,65.07,493.85,9.58,0.0
31.1918219,121.3941722,65.07,494.35,9.58,0.0
31.1918050,121.3942186,65.07,494.85,9.58,0.0
31.1917881,121.3942650,65.07,495.35,9.58,0.0
31.1917712,121.3943114,65.07,495.85,9.58,0.0
31.1917543,121.3943578,65.07,496.35,9.58,0.0
31.1917374,121.3944042,65.07,496.85,9.58,0.0
31.1917205,121.3944506,65.07,497.35,9.58,0.0
31.1917037,121.3944970,65.07,497.85,9.58,0.0
31.1916868,121.3945434,65.07,498.35,9.58,0.0
31.1916699,121.3945898,65.07,498.85,9.58,0.0
31.1916530,121.3946362,65.07,499.35,9.58,0.0
31.1916361,121.3946825,65.07,499.85,9.58,0.0
31.1916192,121.3947289,65.07,500.35,9.58,0.0
31.1916023,121.3947753,65.07,500.85,9.58,0.0
31.1915854,121.3948217,65.07,501.35,9.58,0.0
31.1915685,121.3948681,65.07,501.86,9.58,0.0
31.1915516,121.3949145,65.07,502.36,9.58,0.0
31.1915347,121.3949609,65.07,502.86,9.58,0.0
31.1915178,121.3950073,65.07,503.36,9.58,0.0
31.1915009,121.3950537,65.07,503.86,9.58,0.0
31.1914840,121.3951001,65.07,504.36,9.58,0.0
31.1914671,121.3951465,65.07,504.86,9.58,0.0
31.1914503,121.3951929,65.07,505.36,9.58,0.0
31.1914334,121.3952393,65.07,505.86,9.58,0.0
31.1914165,121.3952857,65.07,506.36,9.58,0.0
31.1913996,121.3953320,65.07,506.86,9.58,0.0
31.1913827,121.3953784,65.07,507.36,9.58,0.0
31.1913658,121.3954248,65.07,507.86,9.58,0.0
31.1913489,121.3954712,65.07,508.36,9.58,0.0
31.1913320,121.3955176,65.07,508.86,9.58,0.0
31.1913151,121.3955640,65.07,509.36,9.58,0.0
31.1912982,121.3956104,65.07,509.86,9.58,0.0
31.1912813,121.3956568,65.07,510.36,9.58,0.0
31.1912644,121.3957032,65.07,510.86,9.58,0.0
31.1912475,121.3957496,65.07,511.37,9.58,0.0
31.1912306,121.3957960,65.07,511.87,9.58,0.0
31.1912137,121.3958424,65.07,512.37,9.58,0.0
31.1911969,121.3958888,65.07,512.87,9.58,0.0
31.1911800,121.3959352,65.07,513.37,9.58,0.0
31.1911631,121.3959816,65.07,513.87,9.58,0.0
31.1911462,121.3960279,65.07,514.37,9.58,0.0
31.1911293,121.3960743,65.07,514.87,9.58,0.0
31.1911124,121.3961207,65.07,515.37,9.58,0.0
31.1910955,121.3961671,65.07,515.87,9.58,0.0
31.1910786,121.3962135,65.07,516.37,9.58,0.0
31.1910617,121.3962599,65.07,516.87,9.58,0.0
31.1910448,121.3963063,65.07,517.37,9.58,0.0
31.1910279,121.3963527,65.07,517.87,9.58,0.0
31.1910110,121.3963991,65.07,518.37,9.58,0.0
31.1909941,121.3964455,65.07,518.87,9.58,0.0
31.1909772,121.3964919,65.07,519.37,9.58,0.0
31.1909603,121.3965383,65.07,519.87,9.58,0.0
31.1909434,121.3965847,65.07,520.37,9.58,0.0
31.1909266,121.3966311,65.07,520.88,9.58,0.0
31.1909097,121.3966775,65.07,521.38,9.58,0.0
31.1908928,121.3967238,65.07,521.88,9.58,0.0
31.1908759,121.3967702,65.07,522.38,9.58,0.0
31.1908590,121.3968166,65.07,522.88,9.58,0.0
31.1908421,121.3968630,65.07,523.38,9.58,0.0
31.1908252,121.3969094,65.07,523.88,9.58,0.0
31.1908083,121.3969558,65.07,524.38,9.58,0.0
31.1907914,121.3970022,65.07,524.88,9.58,0.0
31.1907745,121.3970486,65.07,525.38,9.58,0.0
31.1907576,121.3970950,65.07,525.88,9.58,0.0
31.1907407,121.3971414,65.07,526.38,9.58,0.0
31.1907238,121.3971878,65.07,526.88,9.58,0.0
31.1907069,121.3972342,65.07,527.38,9.58,0.0
31.1906900,121.3972806,65.07,527.88,9.58,0.0
31.1906732,121.3973270,65.07,528.38,9.58,0.0
31.1906563,121.3973733,65.07,528.88,9.58,0.0
31.1906394,121.3974197,65.07,529.38,9.58,0.0
31.1906225,121.3974661,65.07,529.89,9.58,0.0
31.1906056,121.3975125,65.07,530.39,9.58,0.0
31.1905887,121.3975589,65.07,530.89,9.58,0.0
31.1905718,121.3976053,65.07,531.39,9.58,0.0
31.1905549,121.3976517,65.07,531.89,9.58,0.0
31.1905380,121.3976981,65.07,532.39,9.58,0.0
31.1905211,121.3977445,65.07,532.89,9.58,0.0
31.1905042,121.3977909,65.07,533.39,9.58,0.0
31.1904873,121.3978373,65.07,533.89,9.58,0.0
31.1904704,121.3978837,65.07,534.39,9.58,0.0
31.1904535,121.3979301,65.07,534.89,9.58,0.0
31.1904366,121.3979765,65.07,535.39,9.58,0.0
31.1904198,121.3980229,65.07,535.89,9.58,0.0
31.1904029,121.3980692,65.07,536.39,9.58,0.0
31.1903860,121.3981156,65.07,536.89,9.58,0.0
31.1903691,121.3981620,65.07,537.39,9.58,0.0
31.1903522,121.3982084,65.07,537.89,9.58,0.0
31.1903353,121.3982548,65.07,538.39,9.58,0.0
31.1903184,121.3983012,65.07,538.89,9.58,0.0
31.1903015,121.3983476,65.07,539.40,9.58,0.0
31.1902846,121.3983940,65.07,539.90,9.58,0.0
31.1902677,121.3984404,65.07,540.40,9.58,0.0
31.1902508,121.3984868,65.07,540.90,9.58,0.0
31.1902339,121.3985332,65.07,541.40,9.58,0.0
31.1902170,121.3985796,65.07,541.90,9.58,0.0
31.1902001,121.3986260,65.07,542.40,9.58,0.0
31.1901832,121.3986724,65.07,542.90,9.58,0.0
31.1901664,121.3987187,65.07,543.40,9.58,0.0
31.1901495,121.3987651,65.07,543.90,9.58,0.0
31.1901326,121.3988115,65.07,544.40,9.58,0.0
31.1901157,121.3988579,65.07,544.90,9.58,0.0
31.1900988,121.3989043,65.07,545.40,9.58,0.0
31.1900819,121.3989507,65.07,545.90,9.58,0.0
31.1900650,121.3989971,65.07,546.40,9.58,0.0
31.1900481,121.3990435,65.07,546.90,9.58,0.0
31.1900312,121.3990899,65.07,547.40,9.58,0.0
31.1900143,121.3991363,65.07,547.90,9.58,0.0
31.1899974,121.3991827,65.07,548.41,9.58,0.0
31.1899805,121.3992291,65.07,548.91,9.58,0.0
31.1899636,121.3992755,65.07,549.41,9.58,0.0
31.1899467,121.3993219,65.07,549.91,9.58,0.0
31.1899298,121.3993683,65.07,550.41,9.58,0.0
31.1899129,121.3994146,65.07,550.91,9.58,0.0
31.1898961,121.3994610,65.07,551.41,9.58,0.0
31.1898792,121.3995074,65.07,551.91,9.58,0.0
31.1898623,121.3995538,65.07,552.41,9.58,0.0
31.1898454,121.3996002,65.07,552.91,9.58,0.0
31.1898285,121.3996466,65.07,553.41,9.58,0.0
31.1898116,121.3996930,65.07,553.91,9.58,0.0
31.1897947,121.3997394,65.07,554.41,9.58,0.0
31.1897778,121.3997858,65.07,554.91,9.58,0.0
31.1897609,121.3998322,65.07,555.41,9.58,0.0
31.1897440,121.3998786,65.07,555.91,9.58,0.0
31.1897271,121.3999250,65.07,556.41,9.58,0.0
31.1897102,121.3999714,65.07,556.91,9.58,0.0
31.1896933,121.4000178,65.07,557.41,9.58,0.0
31.1896764,121.4000642,65.07,557.92,9.58,0.0
31.1896595,121.4001105,65.07,558.42,9.58,0.0
31.1896427,121.4001569,65.07,558.92,9.58,0.0
31.1896258,121.4002033,65.07,559.42,9.58,0.0
31.1896089,121.4002497,65.07,559.92,9.58,0.0
31.1895920,121.4002961,65.07,560.42,9.58,0.0
31.1895751,121.4003425,65.07,560.92,9.58,0.0
31.1895582,121.4003889,65.07,561.42,9.58,0.0
31.1895413,121.4004353,65.07,561.92,9.58,0.0
31.1895244,121.4004817,65.07,562.42,9.58,0.0
31.1895075,121.4005281,65.07,562.92,9.58,0.0
31.1894906,121.4005745,65.07,563.42,9.58,0.0
31.1894737,121.4006209,65.07,563.92,9.58,0.0
31.1894568,121.4006673,65.07,564.42,9.58,0.0
31.1894399,121.4007137,65.07,564.92,9.58,0.0
31.1894230,121.4007600,65.07,565.42,9.58,0.0
31.1894061,121.4008064,65.07,565.92,9.58,0.0
31.1893893,121.4008528,65.07,566.42,9.58,0.0
31.1893724,121.4008992,65.07,566.92,9.58,0.0
31.1893555,121.4009456,65.07,567.43,9.58,0.0
31.1893386,121.4009920,65.07,567.93,9.58,0.0
31.1893217,121.4010384,65.07,568.43,9.58,0.0
31.1893048,121.4010848,65.07,568.93,9.58,0.0
31.1892879,121.4011312,65.07,569.43,9.58,0.0
31.1892710,121.4011776,65.07,569.93,9.58,0.0
31.1892541,121.4012240,65.07,570.43,9.58,0.0
31.1892372,121.4012704,65.07,570.93,9.58,0.0
31.1892203,121.4013168,65.07,571.43,9.58,0.0
31.1892034,121.4013632,65.07,571.93,9.58,0.0
31.1891865,121.4014096,65.07,572.43,9.58,0.0
31.1891696,121.4014559,65.07,572.93,9.58,0.0
31.1891527,121.4015023,65.07,573.43,9.58,0.0
31.1891358,121.4015487,65.07,573.93,9.58,0.0
31.1891190,121.4015951,65.07,574.43,9.58,0.0
31.1891021,121.4016415,65.07,574.93,9.58,0.0
31.1890852,121.4016879,65.07,575.43,9.58,0.0
31.1890683,121.4017343,65.07,575.93,9.58,0.0
31.1890514,121.4017807,65.07,576.44,9.58,0.0
31.1890345,121.4018271,65.07,576.94,9.58,0.0
31.1890176,121.4018735,65.07,577.44,9.58,0.0
31.1890007,121.4019199,65.07,577.94,9.58,0.0
31.1889838,121.4019663,65.07,578.44,9.58,0.0
31.1889669,121.4020127,65.07,578.94,9.58,0.0
31.1889500,121.4020591,65.07,579.44,9.58,0.0
31.1889331,121.4021054,65.07,579.94,9.58,0.0
31.1889162,121.4021518,65.07,580.44,9.58,0.0
31.1888993,121.4021982,65.07,580.94,9.58,0.0
31.1888824,121.4022446,65.07,581.44,9.58,0.0
31.1888656,121.4022910,65.07,581.94,9.58,0.0
31.1888487,121.4023374,65.07,582.44,9.58,0.0
31.1888318,121.4023838,65.07,582.94,9.58,0.0
31.1888149,121.4024302,65.07,583.44,9.58,0.0
31.1887980,121.4024766,65.07,583.94,9.58,0.0
31.1887811,121.4025230,65.07,584.44,9.58,0.0
31.1887642,121.4025694,65.07,584.94,9.58,0.0
31.1887473,121.4026158,65.07,585.44,9.58,0.0
31.1887304,121.4026622,65.07,585.95,9.58,0.0
31.1887135,121.4027086,65.07,586.45,9.58,0.0
31.1886966,121.4027550,65.07,586.95,9.58,0.0
31.1886797,121.4028013,65.07,587.45,9.58,0.0
31.1887115,121.4027672,64.78,587.95,9.58,0.0
31.1887433,121.4027330,64.50,588.45,9.58,0.0
31.1887751,121.4026989,64.21,588.95,9.58,0.0
31.1888069,121.4026647,63.92,589.45,9.58,0.0
31.1888386,121.4026306,63.64,589.95,9.58,0.0
31.1888704,121.4025964,63.35,590.45,9.58,0.0
31.1889022,121.4025623,63.06,590.95,9.58,0.0
31.1889340,121.4025281,62.78,591.45,9.58,0.0
31.1889658,121.4024940,62.49,591.96,9.58,0.0
31.1889976,121.4024598,62.20,592.46,9.58,0.0
31.1890293,121.4024257,61.92,592.96,9.58,0.0
31.1890611,121.4023915,61.63,593.46,9.58,0.0
31.1890929,121.4023574,61.34,593.96,9.58,0.0
31.1891247,121.4023233,61.06,594.46,9.58,0.0
31.1891565,121.4022891,60.77,594.96,9.58,0.0
31.1891883,121.4022550,60.48,595.46,9.58,0.0
31.1892200,121.4022208,60.20,595.96,9.58,0.0
31.1892518,121.4021867,59.91,596.46,9.58,0.0
31.1892836,121.4021525,59.62,596.97,9.58,0.0
31.1893154,121.4021184,59.34,597.47,9.58,0.0
31.1893472,121.4020842,59.05,597.97,9.58,0.0
31.1893790,121.4020501,58.76,598.47,9.58,0.0
31.1894108,121.4020159,58.48,598.97,9.58,0.0
31.1894425,121.4019818,58.19,599.47,9.58,0.0
31.1894743,121.4019476,57.90,599.97,9.58,0.0
31.1895061,121.4019135,57.62,600.47,9.58,0.0
31.1895379,121.4018793,57.33,600.97,9.58,0.0
31.1895697,121.4018452,57.04,601.47,9.58,0.0
31.1896015,121.4018110,56.76,601.98,9.58,0.0
31.1896332,121.4017769,56.47,602.48,9.58,0.0
31.1896650,121.4017427,56.18,602.98,9.58,0.0
31.1896968,121.4017086,55.90,603.48,9.58,0.0
31.1897286,121.4016744,55.61,603.98,9.58,0.0
31.1897604,121.4016403,55.32,604.48,9.58,0.0
31.1897922,121.4016061,55.04,604.98,9.58,0.0
31.1898239,121.4015720,54.75,605.48,9.58,0.0
31.1898557,121.4015378,54.46,605.98,9.58,0.0
31.1898875,121.4015037,54.18,606.48,9.58,0.0
31.1899193,121.4014695,53.89,606.98,9.58,0.0
31.1899511,121.4014354,53.60,607.49,9.58,0.0
31.1899829,121.4014012,53.32,607.99,9.58,0.0
31.1900146,121.4013671,53.03,608.49,9.58,0.0
31.1900464,121.4013329,52.74,608.99,9.58,0.0
31.1900782,121.4012988,52.46,609.49,9.58,0.0
31.1901100,121.4012646,52.17,609.99,9.58,0.0
31.1901418,121.4012305,51.88,610.49,9.58,0.0
31.1901736,121.4011963,51.60,610.99,9.58,0.0
31.1902053,121.4011622,51.31,611.49,9.58,0.0
31.1902371,121.4011280,51.02,611.99,9.58,0.0
31.1902689,121.4010939,50.74,612.50,9.58,0.0
31.1903007,121.4010597,50.45,613.00,9.58,0.0
31.1903325,121.4010256,50.16,613.50,9.58,0.0
31.1903643,121.4009914,49.88,614.00,9.58,0.0
31.1903960,121.4009573,49.59,614.50,9.58,0.0
31.1904278,121.4009231,49.30,615.00,9.58,0.0
31.1904596,121.4008890,49.02,615.50,9.58,0.0
31.1904914,121.4008548,48.73,616.00,9.58,0.0
31.1905232,121.4008207,48.44,616.50,9.58,0.0
31.1905550,121.4007865,48.16,617.00,9.58,0.0
31.1905867,121.4007524,47.87,617.51,9.58,0.0
31.1906185,121.4007182,47.58,618.01,9.58,0.0
31.1906503,121.4006841,47.30,618.51,9.58,0.0
31.1906821,121.4006499,47.01,619.01,9.58,0.0
31.1907139,121.4006158,46.72,619.51,9.58,0.0
31.1907457,121.4005816,46.44,620.01,9.58,0.0
31.1907774,121.4005475,46.15,620.51,9.58,0.0
31.1908092,121.4005133,45.86,621.01,9.58,0.0
31.1908410,121.4004792,45.58,621.51,9.58,0.0
31.1908728,121.4004450,45.29,622.01,9.58,0.0
31.1909046,121.4004109,45.00,622.51,9.58,0.0
31.1909364,121.4003767,44.72,623.02,9.58,0.0
31.1909682,121.4003426,44.43,623.52,9.58,0.0
31.1909999,121.4003084,44.14,624.02,9.58,0.0
31.1910317,121.4002743,43.86,624.52,9.58,0.0
31.1910635,121.4002401,43.57,625.02,9.58,0.0
31.1910953,121.4002060,43.28,625.52,9.58,0.0
31.1911271,121.4001718,43.00,626.02,9.58,0.0
31.1911589,121.4001377,42.71,626.52,9.58,0.0
31.1911906,121.4001035,42.42,627.02,9.58,0.0
31.1912224,121.4000694,42.14,627.52,9.58,0.0
31.1912542,121.4000352,41.85,628.03,9.58,0.0
31.1912860,121.4000011,41.56,628.53,9.58,0.0
31.1913178,121.3999669,41.28,629.03,9.58,0.0
31.1913496,121.3999328,40.99,629.53,9.58,0.0
31.1913813,121.3998986,40.70,630.03,9.58,0.0
31.1914131,121.3998645,40.42,630.53,9.58,0.0
31.1914449,121.3998303,40.13,631.03,9.58,0.0
31.1914767,121.3997962,39.84,631.53,9.58,0.0
31.1915085,121.3997620,39.56,632.03,9.58,0.0
31.1915403,121.3997279,39.27,632.53,9.58,0.0
31.1915720,121.3996937,38.98,633.04,9.58,0.0
31.1916038,121.3996596,38.70,633.54,9.58,0.0
31.1916356,121.3996254,38.41,634.04,9.58,0.0
31.1916674,121.3995913,38.12,634.54,9.58,0.0
31.1916992,121.3995571,37.84,635.04,9.58,0.0
31.1917310,121.3995230,37.55,635.54,9.58,0.0
31.1917627,121.3994888,37.26,636.04,9.58,0.0
31.1917945,121.3994547,36.98,636.54,9.58,0.0
31.1918263,121.3994205,36.69,637.04,9.58,0.0
31.1918581,121.3993864,36.40,637.54,9.58,0.0
31.1918899,121.3993522,36.12,638.04,9.58,0.0
31.1919217,121.3993181,35.83,638.55,9.58,0.0
31.1919534,121.3992839,35.54,639.05,9.58,0.0
31.1919852,121.3992498,35.26,639.55,9.58,0.0
31.1920170,121.3992156,34.97,640.05,9.58,0.0
31.1920488,121.3991815,34.69,640.55,9.58,0.0
31.1920806,121.3991473,34.40,641.05,9.58,0.0
31.1921124,121.3991132,34.11,641.55,9.58,0.0
31.1921441,121.3990790,33.83,642.05,9.58,0.0
31.1921759,121.3990449,33.54,642.55,9.58,0.0
31.1922077,121.3990107,33.25,643.05,9.58,0.0
31.1922395,121.3989766,32.97,643.56,9.58,0.0
31.1922713,121.3989424,32.68,644.06,9.58,0.0
31.1923031,121.3989083,32.39,644.56,9.58,0.0
31.1923349,121.3988741,32.11,645.06,9.58,0.0
31.1923666,121.3988400,31.82,645.56,9.58,0.0
31.1923984,121.3988058,31.53,646.06,9.58,0.0
31.1924302,121.3987717,31.25,646.56,9.58,0.0
31.1924620,121.3987375,30.96,647.06,9.58,0.0
31.1924938,121.3987034,30.67,647.56,9.58,0.0
31.1925256,121.3986692,30.39,648.06,9.58,0.0
31.1925573,121.3986351,30.10,648.57,9.58,0.0
31.1925891,121.3986009,29.81,649.07,9.58,0.0
31.1926209,121.3985668,29.53,649.57,9.58,0.0
31.1926527,121.3985326,29.24,650.07,9.58,0.0
31.1926845,121.3984985,28.95,650.57,9.58,0.0
31.1927163,121.3984643,28.67,651.07,9.58,0.0
31.1927480,121.3984302,28.38,651.57,9.58,0.0
31.1927798,121.3983960,28.09,652.07,9.58,0.0
31.1928116,121.3983619,27.81,652.57,9.58,0.0
31.1928434,121.3983277,27.52,653.07,9.58,0.0
31.1928752,121.3982936,27.23,653.57,9.58,0.0
31.1929070,121.3982594,26.95,654.08,9.58,0.0
31.1929387,121.3982253,26.66,654.58,9.58,0.0
31.1929705,121.3981911,26.37,655.08,9.58,0.0
31.1930023,121.3981570,26.09,655.58,9.58,0.0
31.1930341,121.3981228,25.80,656.08,9.58,0.0
31.1930659,121.3980887,25.51,656.58,9.58,0.0
31.1930977,121.3980545,25.23,657.08,9.58,0.0
31.1931294,121.3980204,24.94,657.58,9.58,0.0
31.1931612,121.3979862,24.65,658.08,9.58,0.0
31.1931930,121.3979521,24.37,658.58,9.58,0.0
31.1932248,121.3979179,24.08,659.09,9.58,0.0
31.1932566,121.3978838,23.79,659.59,9.58,0.0
31.1932884,121.3978496,23.51,660.09,9.58,0.0
31.1933201,121.3978155,23.22,660.59,9.58,0.0
31.1933519,121.3977813,22.93,661.09,9.58,0.0
31.1933837,121.3977472,22.65,661.59,9.58,0.0
31.1934155,121.3977130,22.36,662.09,9.58,0.0
31.1934473,121.3976789,22.07,662.59,9.58,0.0
31.1934791,121.3976447,21.79,663.09,9.58,0.0
31.1935108,121.3976106,21.50,663.59,9.58,0.0
31.1935426,121.3975764,21.21,664.10,9.58,0.0
31.1935744,121.3975423,20.93,664.60,9.58,0.0
31.1936062,121.3975081,20.64,665.10,9.58,0.0
31.1936380,121.3974740,20.35,665.60,9.58,0.0
31.1936698,121.3974398,20.07,666.10,9.58,0.0
31.1937016,121.3974057,19.78,666.60,9.58,0.0
31.1937333,121.3973715,19.49,667.10,9.58,0.0
31.1937651,121.3973374,19.21,667.60,9.58,0.0
31.1937969,121.3973032,18.92,668.10,9.58,0.0
31.1938287,121.3972691,18.63,668.60,9.58,0.0
31.1938605,121.3972349,18.35,669.10,9.58,0.0
31.1938923,121.3972008,18.06,669.61,9.58,0.0
31.1939240,121.3971666,17.77,670.11,9.58,0.0
31.1939558,121.3971325,17.49,670.61,9.58,0.0
31.1939876,121.3970983,17.20,671.11,9.58,0.0
31.1940194,121.3970642,16.91,671.61,9.58,0.0
31.1940512,121.3970300,16.63,672.11,9.58,0.0
31.1940830,121.3969959,16.34,672.61,9.58,0.0
31.1941147,121.3969617,16.05,673.11,9.58,0.0
31.1941465,121.3969276,15.77,673.61,9.58,0.0
31.1941783,121.3968935,15.48,674.11,9.58,0.0
31.1942101,121.3968593,15.19,674.62,9.58,0.0
31.1942419,121.3968252,14.91,675.12,9.58,0.0
31.1942737,121.3967910,14.62,675.62,9.58,0.0
31.1943054,121.3967569,14.33,676.12,9.58,0.0
31.1943372,121.3967227,14.05,676.62,9.58,0.0
31.1943690,121.3966886,13.76,677.12,9.58,0.0
31.1944008,121.3966544,13.47,677.62,9.58,0.0
31.1944326,121.3966203,13.19,678.12,9.58,0.0
31.1944644,121.3965861,12.90,678.62,9.58,0.0
31.1944961,121.3965520,12.61,679.12,9.58,0.0
31.1945279,121.3965178,12.33,679.63,9.58,0.0
31.1945597,121.3964837,12.04,680.13,9.58,0.0
31.1945915,121.3964495,11.75,680.63,9.58,0.0
31.1946233,121.3964154,11.47,681.13,9.58,0.0
31.1946551,121.3963812,11.18,681.63,9.58,0.0
31.1946868,121.3963471,10.89,682.13,9.58,0.0
31.1947186,121.3963129,10.61,682.63,9.58,0.0
31.1947504,121.3962788,10.32,683.13,9.58,0.0
31.1947822,121.3962446,10.03,683.63,9.58,0.0
31.1948140,121.3962105,9.75,684.13,9.58,0.0
31.1948458,121.3961763,9.46,684.63,9.58,0.0
31.1948775,121.3961422,9.17,685.14,9.58,0.0
31.1949093,121.3961080,8.89,685.64,9.58,0.0
31.1949411,121.3960739,8.60,686.14,9.58,0.0
31.1949729,121.3960397,8.31,686.64,9.58,0.0
31.1950047,121.3960056,8.03,687.14,9.58,0.0
31.1950365,121.3959714,7.74,687.64,9.58,0.0
31.1950682,121.3959373,7.45,688.14,9.58,0.0
31.1951000,121.3959031,7.17,688.64,9.58,0.0
31.1951318,121.3958690,6.88,689.14,9.58,0.0
31.1951636,121.3958348,6.59,689.64,9.58,0.0
31.1951954,121.3958007,6.31,690.15,9.58,0.0
31.1952272,121.3957665,6.02,690.65,9.58,0.0
31.1952590,121.3957324,5.73,691.15,9.58,0.0
31.1952907,121.3956982,5.45,691.65,9.58,0.0
31.1953225,121.3956641,5.16,692.15,9.58,0.0
31.1953543,121.3956299,4.87,692.65,9.58,0.0
31.1953861,121.3955958,4.59,693.15,9.58,0.0
31.1954179,121.3955616,4.30,693.65,9.58,0.0
31.1954497,121.3955275,4.01,694.15,9.58,0.0
31.1954814,121.3954933,3.73,694.65,9.58,0.0
31.1955132,121.3954592,3.44,695.16,9.58,0.0
31.1955450,121.3954250,3.15,695.66,9.58,0.0
31.1955768,121.3953909,2.87,696.16,9.58,0.0
31.1956086,121.3953567,2.58,696.66,9.58,0.0
31.1956404,121.3953226,2.29,697.16,9.58,0.0
31.1956721,121.3952884,2.01,697.66,9.58,0.0
31.1957039,121.3952543,1.72,698.16,9.58,0.0
31.1957357,121.3952201,1.43,698.66,9.58,0.0
31.1957675,121.3951860,1.15,699.16,9.58,0.0
31.1957993,121.3951518,0.86,699.66,9.58,0.0
31.1958311,121.3951177,0.57,700.16,9.58,0.0
31.1958628,121.3950835,0.29,700.67,9.58,0.0
31.1958946,121.3950494,0.00,701.17,9.58,0.0
